name,z,Re_kpc,fDM,Vcirc,logMstar,logMbar_fit
U4-38210,0.61,8.10,0.44,240,10.85,10.99
U4-20688,0.63,9.57,0.67,275,11.00,10.81
EGS3-10098,0.66,2.95,0.14,271,11.11,10.93
U3-21388,0.67,7.81,0.70,205,10.76,10.64
EGS4-21351,0.73,4.16,0.06,159,10.94,10.61
GS4-00984,0.73,5.25,0.79,116,9.48,9.72
EGS4-11261,0.75,5.02,0.20,294,11.25,11.12
GS4-13143,0.76,5.51,0.41,147,9.82,10.33
U3-08493,0.79,3.79,0.10,267,10.77,11.08
COS4-05656,0.80,4.99,0.27,181,10.68,10.61
COS4-05925,0.80,5.72,0.36,257,10.63,10.95
U3-03856,0.80,7.54,0.64,212,10.59,10.62
U3-05138,0.81,7.60,0.38,136,10.20,10.46
U4-42393,0.82,2.61,0.08,335,10.93,11.15
GS4-03228,0.82,6.79,0.70,142,9.49,10.08
GS4-32976,0.83,7.73,0.57,235,10.37,10.70
GS3-23200,0.83,6.72,0.63,127,10.07,10.25
COS4-01351,0.85,7.52,0.38,267,10.73,11.13
COS4-06487,0.91,4.97,0.38,286,10.85,10.91
COS3-18434,0.91,6.75,0.50,232,10.77,10.73
U4-19954,0.91,8.63,0.17,260,11.13,11.21
COS3-22796,0.91,9.93,0.53,152,10.32,10.61
U4-13849,0.91,6.79,0.31,213,10.71,10.88
U4-22199,0.91,4.93,0.02,117,10.60,10.46
U3-15226,0.92,5.79,0.28,182,11.11,10.72
GS4-05881,0.99,5.71,0.74,193,9.78,10.21
GS3-30840,1.02,5.82,0.65,207,10.31,10.51
GS4-29973,1.02,5.09,0.74,135,9.59,9.90
GS3-27242,1.02,2.85,0.12,259,10.64,10.85
COS3-16954,1.03,8.26,0.59,269,10.74,10.90
COS3-04796,1.03,9.60,0.42,266,10.80,11.18
EGS-13035123,1.12,10.19,0.19,196,11.18,11.08
EGS-13004291,1.20,3.65,0.04,284,10.97,11.11
EGS-13003805,1.23,5.94,0.05,321,11.23,11.46
GS4-30432,1.31,7.21,0.52,208,10.70,10.66
GS4-14356,1.36,5.59,0.46,193,10.57,10.72
EGS4-38153,1.36,5.11,0.35,314,10.44,11.16
GS4-27441,1.38,7.21,0.46,271,10.82,11.06
EGS4-24985,1.40,4.64,0.31,288,10.90,11.03
U4-27256,1.42,6.37,0.14,168,10.49,10.83
U4-32570,1.42,8.01,0.55,252,10.89,10.81
U4-28358,1.42,3.14,0.15,294,10.96,10.98
zC-403741,1.45,3.01,0.08,180,10.65,10.55
U4-33383,1.48,4.98,0.28,92,9.83,10.05
COS4-10048,1.50,7.48,0.47,160,10.34,10.56
D3a-6397,1.50,6.54,0.13,225,11.08,11.24
U4-31577,1.52,6.49,0.53,347,11.07,11.06
U4-35796,1.53,7.29,0.12,225,10.81,11.18
COS4-13890,1.53,7.19,0.34,412,11.33,11.44
EGS-13011166,1.53,6.89,0.26,320,11.08,11.25
COS4-24012,1.53,4.81,0.19,139,10.25,10.48
COS4-17808,1.59,4.46,0.10,226,10.72,10.75
GK-2540,1.61,3.13,0.27,155,10.28,10.52
GS4-43501,1.61,4.88,0.31,240,10.61,10.88
GS4-14152,1.62,6.93,0.14,350,11.30,11.52
GS4-16814,1.62,5.00,0.06,227,11.19,10.89
U4-34480,1.65,1.57,0.27,193,10.18,10.25
COS4-05606,1.66,4.29,0.35,205,9.90,10.63
U4-19708,1.66,5.88,0.32,219,11.26,10.84
GS3-15675,2.00,7.39,0.56,206,10.89,10.76
zC-412369,2.02,4.38,0.45,197,10.34,10.64
K20-ID9,2.04,7.11,0.45,234,10.65,10.91
COS4-10347,2.06,5.19,0.21,220,10.76,10.81
COS4-13174,2.10,6.99,0.16,268,11.03,11.28
GS4-01529,2.12,4.50,0.11,313,10.55,11.33
CDFS-2954,2.13,4.29,0.55,324,10.60,10.97
zC-405501,2.15,7.13,0.21,89,9.92,10.68
COS4-08775,2.16,4.24,0.17,129,10.35,10.46
COS4-05094,2.17,4.95,0.30,223,10.40,10.77
SSA22-MD41,2.17,7.61,0.74,190,9.86,10.46
BX389,2.17,6.95,0.56,302,10.60,11.05
U4-36568,2.18,3.71,0.03,342,11.05,11.19
zC-407302,2.18,4.64,0.40,225,10.39,10.74
GS3-24273,2.19,7.69,0.27,211,11.00,10.84
U4-20704,2.19,8.89,0.19,234,11.16,11.39
COS4-05433,2.19,5.40,0.22,206,10.60,10.80
zC-406690,2.20,4.82,0.04,276,10.62,11.05
BX610,2.21,5.24,0.38,307,11.00,11.04
K20-ID8,2.22,5.67,0.16,168,10.50,10.70
U3-10584,2.22,6.17,0.40,181,10.50,10.61
K20-ID7,2.22,7.50,0.65,282,10.37,11.04
U4-13704,2.22,3.59,0.41,193,10.39,10.62
K20-ID5,2.22,2.48,0.07,174,11.00,11.18
K20-ID6,2.24,5.19,0.27,154,10.43,10.66
zC-400569,2.24,4.31,0.16,241,11.08,10.95
BX482,2.26,5.98,0.60,285,10.26,10.97
J0901+1814,2.26,3.85,0.44,250,10.96,10.72
zC-405226,2.29,6.15,0.69,167,9.96,10.19
COS4-02672,2.31,7.11,0.40,199,10.57,10.83
U3-06856,2.31,2.48,0.26,195,10.48,10.56
D3a-15504,2.38,6.61,0.24,234,11.04,11.11
D3a-6004,2.39,5.52,0.10,359,11.50,11.47
zC-400528,2.39,1.75,0.03,308,11.04,10.87
GS4-37124,2.43,4.14,0.39,253,10.59,10.73
COS4-06079,2.44,5.26,0.07,239,10.57,11.03
zC-413597,2.45,2.02,0.09,136,9.87,10.13
GS4-42930,2.45,3.67,0.28,154,10.33,10.39
zC-410041,2.45,4.45,0.63,124,9.66,9.88
COS4-19753,2.47,4.22,0.08,134,10.51,10.59
U3-25105,2.52,5.72,0.08,239,11.05,11.06
