pair,family,label,linking,dmin,match_score,mode,width,tilt,amplitude,E0,gap1,gap2,gap3,feature0,feature1,feature2,feature3,feature4,feature5,feature6,feature7
0,0,1,-1.000123478740023,0.0705134041578628,0.07933751258144595,linked,0,0,0,-15.281350251917711,7.797291903446841,7.813003428671296,7.825913952743273,7.797291903446841,7.813003428671296,7.825913952743273,7.812069761620471,0.011703538698564194,-0.014777858173629532,0.0009336670508250933,0.013844191122801774
0,0,0,-9.563434316679722e-05,0.05540268811419942,0.07933751258144595,split,23.9961595960243,-0.1349874006596492,0.25999999999999995,-15.280369462306982,7.796339938063314,7.8122560718761385,7.825061997525976,7.796339938063314,7.8122560718761385,7.825061997525976,7.81121933582181,0.01174862520124345,-0.014879397758496005,0.0010367360543286352,0.013842661704166481
1,0,1,-1.0001536868826157,0.05487535896699685,0.08019055089113221,linked,0,0,0,-15.280839619234552,7.79689220530584,7.812687156341019,7.825208289512635,7.79689220530584,7.812687156341019,7.825208289512635,7.811595883719831,0.011585718598110325,-0.014703678413991561,0.0010912726211875778,0.013612405792803983
1,0,0,-0.0001286157478472307,0.05562026774256915,0.08019055089113221,split,24.72999716867141,-0.3088627383239336,0.205,-15.280296636325675,7.7962113271103055,7.812619323773121,7.824813770334064,7.7962113271103055,7.812619323773121,7.824813770334064,7.8112148070724965,0.01171905684384284,-0.01500347996219098,0.0014045167006244696,0.013598963261567398
2,0,1,-1.000113300865907,0.05860416292364087,0.1416034017076329,linked,0,0,0,-15.281424722840374,7.797221388111293,7.813137003567991,7.825511933688239,7.797221388111293,7.813137003567991,7.825511933688239,7.811956775122508,0.011579678943389474,-0.014735387011215018,0.0011802284454827117,0.013555158565731418
2,0,0,-9.56382225698279e-05,0.05587470309978494,0.1416034017076329,a,19.94676609089028,-0.10794046859596995,0.26999999999999996,-15.283869477925197,7.799549313152474,7.8137691551963195,7.826913568262252,7.799549313152474,7.8137691551963195,7.826913568262252,7.813410678870349,0.01117428576048498,-0.013861365717874996,0.0003584763259709689,0.013502889391903139
3,1,1,-1.0001318367102758,0.0647899915629065,0.06473462381668604,linked,0,0,0,-15.2808375300019,7.796950035845103,7.812251173429355,7.826035920238003,7.796950035845103,7.812251173429355,7.826035920238003,7.811745709837488,0.0118796405055406,-0.014795673992384906,0.0005054635918675388,0.01429021040051559
3,1,0,-0.0001047016130892857,0.05620949584879511,0.06473462381668604,b,26.599024884283935,-0.4493668846224949,0.145,-15.282273227866105,7.797561711852245,7.8137331080097026,7.827765169229218,7.797561711852245,7.8137331080097026,7.827765169229218,7.813019996363721,0.012340815898077959,-0.01545828451147635,0.0007131116459815345,0.014745172865496592
4,1,1,-1.000221600821517,0.05971843362573581,0.07163023984222344,linked,0,0,0,-15.28102311744191,7.797066480544281,7.812417388077201,7.825259492959241,7.797066480544281,7.812417388077201,7.825259492959241,7.811581120526907,0.011524929351028147,-0.014514639982626143,0.0008362675502944228,0.013678372432334385
4,1,0,-0.00010529953588881802,0.05750218488850597,0.07163023984222344,split,27.380419797213186,-0.22041839077194778,0.205,-15.280083517386949,7.795985328730089,7.811549515935352,7.824723696644506,7.795985328730089,7.811549515935352,7.824723696644506,7.810752847103316,0.011745905911339186,-0.014767518373226984,0.0007966688320353299,0.013970849541189878
5,1,1,-1.0001519763522797,0.05399677751234654,0.06490307701429836,linked,0,0,0,-15.280860035908674,7.796869084031052,7.812625415908545,7.8258214631287135,7.796869084031052,7.812625415908545,7.8258214631287135,7.811771987689437,0.011835154375772441,-0.014902903658384759,0.0008534282191074993,0.014049475439276371
5,1,0,-3.914969541626053e-05,0.05590219678525544,0.06490307701429836,a,15.275474553060523,-0.3988373538434347,0.16499999999999998,-15.280640616762753,7.796766446726914,7.812101485153388,7.825258990259741,7.796766446726914,7.812101485153388,7.825258990259741,7.811375640713347,0.011643349943375672,-0.014609193986433233,0.0007258444400406461,0.013883349546393475
6,2,1,-1.000166546373764,0.06771766449067686,0.045724426050092394,linked,0,0,0,-15.281341100882145,7.797287063869475,7.812768731157357,7.825570987386973,7.797287063869475,7.812768731157357,7.825570987386973,7.811875594137935,0.01156412131515741,-0.014588530268460076,0.0008931370194220634,0.013695393249038013
6,2,0,-0.000146763196656327,0.056756515562613005,0.045724426050092394,b,29.13231390918124,0.3957112479773736,0.13499999999999998,-15.28166591137332,7.796576745040176,7.8139773411459945,7.826495854566851,7.796576745040176,7.8139773411459945,7.826495854566851,7.812349980251007,0.012268509997256817,-0.015773235210830627,0.0016273608949877172,0.014145874315843798
7,2,1,-1.0001136856294188,0.06308209117585746,0.04527803174498018,linked,0,0,0,-15.281371894303991,7.797304921798309,7.812903559770371,7.825391763463338,7.797304921798309,7.812903559770371,7.825391763463338,7.811866748344006,0.011489818743260617,-0.014561826545696377,0.0010368114263652473,0.013525015119332018
7,2,0,-0.00012224523795929928,0.05692850133013784,0.04527803174498018,b,29.387194904451533,-0.4142994331279579,0.12,-15.28244543363865,7.797448637868853,7.814317417382839,7.826777662869834,7.797448637868853,7.814317417382839,7.826777662869834,7.812847906040509,0.012018528045368524,-0.015399268171655933,0.0014695113423304207,0.013929756829324624
8,2,1,-1.0002094242546427,0.06094842797720696,0.05062792848890783,linked,0,0,0,-15.281126023386536,7.797105011636391,7.8128767765569185,7.826004090168664,7.797105011636391,7.8128767765569185,7.826004090168664,7.811995292787324,0.011814452878590865,-0.014890281150933049,0.0008814837695947375,0.014008797381340088
8,2,0,-1.2099273019289407e-05,0.05920244230353127,0.05062792848890783,b,18.359421228454103,0.08866217144146332,0.12499999999999999,-15.282745746070002,7.7980362020918355,7.813937944317445,7.827956612487256,7.7980362020918355,7.813937944317445,7.827956612487256,7.813310252965512,0.012223017545668088,-0.015274050873676615,0.0006276913519327465,0.014646359521743868
9,3,1,-1.0001619335627443,0.05232663374932046,0.06411978314028974,linked,0,0,0,-15.280426590978603,7.7965568152058085,7.811935728956537,7.8251474892239035,7.7965568152058085,7.811935728956537,7.8251474892239035,7.811213344462082,0.011683265517271956,-0.01465652925627392,0.0007223844944546087,0.013934144761821088
9,3,0,-5.634946496779084e-05,0.055490104731311156,0.06411978314028974,a,12.64095520432252,-0.29050421655156033,0.145,-15.279939548725324,7.796173956751463,7.811503872880459,7.824362113802853,7.796173956751463,7.811503872880459,7.824362113802853,7.810679981144925,0.011522504001080208,-0.01450602439346138,0.0008238917355338771,0.013682132657928392
10,3,1,-1.0001349098584202,0.06603079141955884,0.028836950007809493,linked,0,0,0,-15.281679461871136,7.79738520076601,7.813594109860298,7.825833849505711,7.79738520076601,7.813594109860298,7.825833849505711,7.81227105337734,0.011651731276840285,-0.014885852611329575,0.0013230564829580516,0.013562796128371524
10,3,0,-0.00011691521078293481,0.05803040239024945,0.028836950007809493,b,24.041820016327307,-0.31000753245896856,0.175,-15.281844532269847,7.796880903512052,7.815347345119613,7.826206971719693,7.796880903512052,7.815347345119613,7.826206971719693,7.8128117401171195,0.01210582610911825,-0.01593083660506789,0.0025356050024933907,0.01339523160257361
11,3,1,-1.0001415041200417,0.05336366478379952,0.057419427356010445,linked,0,0,0,-15.280872047826463,7.7969216645453905,7.8124151738376995,7.825464695918664,7.7969216645453905,7.8124151738376995,7.825464695918664,7.811600511433919,0.01166687379200968,-0.014678846888528163,0.0008146624037808081,0.013864184484745579
11,3,0,-0.00015358697288788578,0.056934132227845116,0.057419427356010445,b,27.18244162806714,-0.30311963766421124,0.14999999999999997,-15.281920039405758,7.796951789367481,7.814738461408755,7.826785067466573,7.796951789367481,7.814738461408755,7.826785067466573,7.812825106080936,0.012254300387817954,-0.015873316713455488,0.0019133553278187776,0.01395996138563671
12,4,1,-1.0001928905925053,0.0645298378632406,0.11982607230621153,linked,0,0,0,-15.28086093071396,7.796882773321821,7.812255141663056,7.825968389576358,7.796882773321821,7.812255141663056,7.825968389576358,7.811702101520413,0.011880590846027956,-0.014819328198591997,0.0005530401426430132,0.01426628805594543
12,4,0,-5.760645289286097e-05,0.055697793639044715,0.11982607230621153,split,17.926344113822033,-0.1346665272049012,0.32499999999999996,-15.282211365407786,7.797578585062992,7.8150667320958505,7.826841221596374,7.797578585062992,7.8150667320958505,7.826841221596374,7.813162179585073,0.012022089791183965,-0.015583594522080801,0.0019045525107772576,0.01367904201130088
13,4,1,-1.0001439682779307,0.05253676728766903,0.08688815538525733,linked,0,0,0,-15.28033970576934,7.796528359300386,7.811724958201202,7.825362168399926,7.796528359300386,7.811724958201202,7.825362168399926,7.811205161967172,0.011777090129876789,-0.01467680266678606,0.0005197962340295348,0.01415700643275386
13,4,0,-4.1633853813320486e-05,0.055907954202305,0.08688815538525733,split,25.07004362418687,-0.2738696601154168,0.22999999999999998,-15.280130541979958,7.795754045694178,7.812885980652904,7.825138853630251,7.795754045694178,7.812885980652904,7.825138853630251,7.811259626659111,0.012051293287301033,-0.015505580964933152,0.0016263539937932947,0.013879226971139857
14,4,1,-1.0002146516353998,0.05712349265816542,0.08481645407197791,linked,0,0,0,-15.280638754635344,7.796791738421225,7.81201759845492,7.825176102684258,7.796791738421225,7.81201759845492,7.825176102684258,7.811328479853468,0.01159810895474739,-0.014536741432242373,0.0006891186014525985,0.013847622830790662
14,4,0,-6.675731071006015e-05,0.0564006199443653,0.08481645407197791,b,21.804638113907227,-0.1878764913067676,0.23499999999999996,-15.280156821109589,7.795369547505609,7.814420080026244,7.825018263378253,7.795369547505609,7.814420080026244,7.825018263378253,7.811602630303369,0.01226689597874129,-0.016233082797760368,0.0028174497228752315,0.01341563307488336
